chrom,chromStart,chromEnd,name,mp,label1,label2,sim,mel,yak,correct,delta
X,16196790.0,16197790.0,Ta18_peak_22913_merged,16197290.0,1,1,0.015615491,0.0067754406,0.97270966,True,0.9615142
X,19139716.0,19140716.0,Ta18_peak_23519_head,19140215.5,1,0,0.045325615,0.10889363,0.9997192,True,0.92260957
X,5375436.0,5376436.0,Ta18_peak_20814_head,5375936.0,1,0,0.17938511,0.029285366,0.9095754,True,0.80524015
X,1922256.0,1923256.0,Ta18_peak_20117_head,1922755.5,1,0,0.05331111,0.28954554,0.93649197,True,0.76506364
X,1762934.0,1763934.0,Ta18_peak_20098_head,1763433.5,1,0,0.040787768,0.022226775,0.78357846,True,0.7520712
X,18690261.0,18691261.0,Ta18_peak_23407_head,18690761.0,1,0,0.006647993,0.10202069,0.8033257,True,0.7489914
X,11262840.0,11263840.0,Ta18_peak_21998_merged,11263340.0,1,1,0.32587755,0.15502638,0.9782159,True,0.7377639
X,18973033.0,18974033.0,Ta18_peak_23480_head,18973533.0,1,0,0.35532767,0.074085355,0.9231967,True,0.70849013
X,838898.0,839898.0,Ta18_peak_19902_head,839397.5,1,0,0.009303075,0.5462421,0.9859013,True,0.7081287
X,938834.0,939834.0,Ta18_peak_19929_head,939334.0,1,0,0.06290648,0.17225315,0.8224077,True,0.7048279
X,14486729.0,14487729.0,Ta18_peak_22618_merged,14487228.5,1,1,0.013534376,0.043818887,0.73255634,True,0.7038797
X,8554518.0,8555518.0,Ta18_peak_21505_head,8555017.5,1,0,0.052879456,0.10252596,0.7497429,True,0.6720402
X,18295643.0,18296643.0,Ta18_peak_23340_head,18296142.5,1,0,0.0046019275,0.10524259,0.6917958,True,0.63687354
X,21352991.0,21353991.0,Ta18_peak_23847_head,21353491.0,1,0,0.37034383,0.04316183,0.8402793,True,0.63352644
X,18981002.0,18982002.0,Ta18_peak_23482_head,18981501.5,1,0,0.011064143,0.114226654,0.69430304,True,0.63165766
X,11120746.0,11121746.0,Ta18_peak_21972_head,11121246.0,1,0,0.2597031,0.33656722,0.92631865,True,0.6281835
X,19035381.0,19036381.0,Ta18_peak_23495_head,19035880.5,1,0,0.017602013,0.0058273445,0.6274447,True,0.61573
X,17971362.0,17972362.0,Ta18_peak_23284_head,17971862.0,1,0,0.1793835,0.11790778,0.7638572,True,0.61521155
X,21417423.0,21418423.0,Ta18_peak_23861_head,21417923.0,1,0,0.5425959,0.114197135,0.94203323,True,0.61363673
X,118724.0,119724.0,Ta18_peak_19772_head,119223.5,1,0,0.1042978,0.04373019,0.68418354,True,0.61016953
X,14205996.0,14206996.0,Ta18_peak_22553_head,14206496.0,1,0,0.43456414,0.3278122,0.9906193,True,0.60943115
X,11000904.0,11001904.0,Ta18_peak_21949_head,11001403.5,1,0,0.26252905,0.19786185,0.80669534,True,0.5764999
X,7371734.0,7372734.0,Ta18_peak_21244_head,7372233.5,1,0,0.2634942,0.527879,0.96886843,True,0.57318187
X,8806908.0,8807908.0,Ta18_peak_21540_head,8807407.5,1,0,0.12650773,0.11577041,0.6935132,True,0.57237417
X,870988.0,871988.0,Ta18_peak_19913_head,871488.0,1,0,0.16260488,0.3232756,0.8119096,True,0.56896937
X,16526275.0,16527275.0,Ta18_peak_22995_head,16526774.5,1,0,0.14668253,0.15799117,0.70753604,True,0.5551992
X,3052948.0,3053948.0,Ta18_peak_20381_head,3053447.5,1,0,0.39496434,0.42683312,0.9650564,True,0.5541577
X,17877026.0,17878026.0,Ta18_peak_23251_merged,17877526.0,1,1,0.4843207,0.21290956,0.8964034,True,0.54778826
X,11390767.0,11391767.0,Ta18_peak_22020_head,11391266.5,1,0,0.4128682,0.29222447,0.8936177,True,0.54107136
X,19991368.0,19992368.0,Ta18_peak_23681_head,19991868.0,1,0,0.27907333,0.43874502,0.88877213,True,0.52986294
X,13426455.0,13427455.0,Ta18_peak_22442_merged,13426954.5,1,1,0.005149244,0.45759842,0.75206006,True,0.5206862
X,8531104.0,8532104.0,Ta18_peak_21502_head,8531604.0,1,0,0.0033985109,0.0053714574,0.4936188,True,0.4892338
X,16923545.0,16924545.0,Ta18_peak_23080_head,16924044.5,1,0,0.018570544,0.01488568,0.49958906,True,0.48286095
X,6988708.0,6989708.0,Ta18_peak_21172_head,6989208.0,1,0,0.26189217,0.5071247,0.8667472,True,0.48223877
X,18708631.0,18709631.0,Ta18_peak_23410_head,18709130.5,1,0,0.062674314,0.037468445,0.52185965,True,0.47178826
X,10839085.0,10840085.0,Ta18_peak_21921_head,10839584.5,1,0,0.10725598,0.11938522,0.58458114,True,0.47126055
X,15481169.0,15482169.0,Ta18_peak_22800_head,15481668.5,1,0,0.23494104,0.05507736,0.61299545,True,0.46798626
X,4927180.0,4928180.0,Ta18_peak_20729_head,4927680.0,1,0,0.4973539,0.038312677,0.7344915,True,0.46665823
X,15493395.0,15494395.0,Ta18_peak_22805_head,15493894.5,1,0,0.4406961,0.5825333,0.9691741,True,0.4575594
X,17328230.0,17329230.0,Ta18_peak_23150_head,17328730.0,1,0,0.21226114,0.7508377,0.9374905,True,0.4559411
X,13702386.0,13703386.0,Ta18_peak_22480_head,13702885.5,1,0,0.48662323,0.07766246,0.72751176,True,0.44536892
X,2449480.0,2450480.0,Ta18_peak_20235_merged,2449980.0,1,1,0.016060103,0.108003594,0.5033716,True,0.44133973
X,7610369.0,7611369.0,Ta18_peak_21311_head,7610868.5,1,0,0.56706786,0.15490586,0.7909544,True,0.42996755
X,3472713.0,3473713.0,Ta18_peak_20472_head,3473213.0,1,0,0.5261161,0.42501312,0.90487605,True,0.42931145
X,18920547.0,18921547.0,Ta18_peak_23467_head,18921046.5,1,0,0.17335178,0.094965056,0.541602,True,0.40744358
X,775385.0,776385.0,Ta18_peak_19888_head,775885.0,1,0,0.14413744,0.13872941,0.54179853,True,0.4003651
X,20503019.0,20504019.0,Ta18_peak_23788_head,20503519.0,1,0,0.7795565,0.2269147,0.90340036,True,0.40016478
X,12067036.0,12068036.0,Ta18_peak_22150_head,12067536.0,1,0,0.29836926,0.33069015,0.7125419,True,0.39801216
X,6542234.0,6543234.0,Ta18_peak_21070_merged,6542734.0,1,1,0.085803546,0.059789088,0.46978652,True,0.3969902
X,13644993.0,13645993.0,Ta18_peak_22473_head,13645493.0,1,0,0.60530645,0.52955854,0.9617217,True,0.3942892
X,18816093.0,18817093.0,Ta18_peak_23442_head,18816593.0,1,0,0.6408481,0.49141607,0.95530254,True,0.38917047
X,13330367.0,13331367.0,Ta18_peak_22418_head,13330867.0,1,0,0.31551972,0.15391308,0.6145975,True,0.37988108
X,20221843.0,20222843.0,Ta18_peak_23724_head,20222342.5,1,0,0.79164946,0.411746,0.979393,True,0.37769526
X,7390667.0,7391667.0,Ta18_peak_21251_head,7391166.5,1,0,0.10093607,0.051522046,0.4487919,True,0.37256283
X,9234997.0,9235997.0,Ta18_peak_21622_head,9235497.0,1,0,0.042910643,0.033670064,0.40980053,True,0.37151018
X,21416436.0,21417436.0,Ta18_peak_23860_head,21416935.5,1,0,0.09264606,0.079532154,0.45705616,True,0.37096706
X,17073567.0,17074567.0,Ta18_peak_23110_head,17074066.5,1,0,0.2881152,0.4509956,0.73984313,True,0.37028772
X,14037.0,15037.0,Ta18_peak_19751_merged,14536.5,1,1,0.8972064,0.16031948,0.88969713,False,0.3609342
X,13289914.0,13290914.0,Ta18_peak_22404_head,13290413.5,1,0,0.039886694,0.09167733,0.42386734,True,0.35808533
X,3757206.0,3758206.0,Ta18_peak_20515_head,3757705.5,1,0,0.6161312,0.6687339,0.99543434,True,0.35300177
X,5876750.0,5877750.0,Ta18_peak_20909_head,5877250.0,1,0,0.17625222,0.19186904,0.53461117,True,0.35055053
X,4874103.0,4875103.0,Ta18_peak_20721_head,4874603.0,1,0,0.0726027,0.84217864,0.8050947,False,0.34770405
X,3264771.0,3265771.0,Ta18_peak_20428_head,3265271.0,1,0,0.03740581,0.028441476,0.37742078,True,0.34449714
X,3353586.0,3354586.0,Ta18_peak_20442_head,3354086.0,1,0,0.28228247,0.8423551,0.9067484,True,0.3444296
X,17884630.0,17885630.0,Ta18_peak_23253_head,17885129.5,1,0,0.116349615,0.10743066,0.45589343,True,0.3440033
X,3772978.0,3773978.0,Ta18_peak_20517_head,3773477.5,1,0,0.51330644,0.6548849,0.9276811,True,0.34358543
X,20192468.0,20193468.0,Ta18_peak_23719_head,20192968.0,1,0,0.31582546,0.474878,0.7387219,True,0.34337017
X,2048769.0,2049769.0,Ta18_peak_20147_head,2049269.0,1,0,0.5131946,0.40376294,0.7998868,True,0.34140804
X,2654489.0,2655489.0,Ta18_peak_20299_merged,2654988.5,1,1,0.35063684,0.6504603,0.8416403,True,0.3410917
X,19788361.0,19789361.0,Ta18_peak_23651_merged,19788860.5,1,1,0.41070995,0.64219844,0.86444217,True,0.33798796
X,2372567.0,2373567.0,Ta18_peak_20217_head,2373066.5,1,0,0.48280114,0.6378292,0.894301,True,0.33398587
X,1748801.0,1749801.0,Ta18_peak_20096_head,1749300.5,1,0,0.57421726,0.4709769,0.8557821,True,0.33318502
X,21562093.0,21563093.0,Ta18_peak_23883_head,21562593.0,1,0,0.6108777,0.3739767,0.82386667,True,0.33143947
X,15214134.0,15215134.0,Ta18_peak_22761_head,15214633.5,1,0,0.043230634,0.14956082,0.42661616,True,0.33022043
X,4105687.0,4106687.0,Ta18_peak_20574_head,4106187.0,1,0,0.135834,0.40940702,0.60139334,True,0.32877284
X,2339756.0,2340756.0,Ta18_peak_20207_head,2340255.5,1,0,0.049345344,0.18345942,0.43915063,True,0.32274824
X,4908485.0,4909485.0,Ta18_peak_20724_head,4908984.5,1,0,0.8680107,0.101545826,0.80520827,False,0.32043
X,20082037.0,20083037.0,Ta18_peak_23693_head,20082537.0,1,0,0.021114534,0.03793076,0.34855184,True,0.31902918
X,18897088.0,18898088.0,Ta18_peak_23464_head,18897587.5,1,0,0.42298645,0.26860183,0.66306007,True,0.31726593
X,13403956.0,13404956.0,Ta18_peak_22435_head,13404455.5,1,0,0.021606814,0.004526446,0.32986227,True,0.31679565
X,65185.0,66185.0,Ta18_peak_19761_head,65684.5,1,0,0.7600654,0.47296003,0.9298807,True,0.31336796
X,4900154.0,4901154.0,Ta18_peak_20723_head,4900654.0,1,0,0.75397724,0.48720285,0.9332685,True,0.31267846
X,11132945.0,11133945.0,Ta18_peak_21976_head,11133444.5,1,0,0.03694756,0.04628462,0.3438675,True,0.30225143
X,18026313.0,18027313.0,Ta18_peak_23292_head,18026812.5,1,0,0.7699188,0.46678436,0.92029566,True,0.30194408
X,8235794.0,8236794.0,Ta18_peak_21446_head,8236293.5,1,0,0.52521664,0.7701558,0.9496241,True,0.30193788
X,3926666.0,3927666.0,Ta18_peak_20550_head,3927165.5,1,0,0.31267214,0.22407275,0.57018226,True,0.30180982
X,10005445.0,10006445.0,Ta18_peak_21781_head,10005945.0,1,0,0.0052395524,0.020111626,0.30960009,True,0.2969245
X,19297197.0,19298197.0,Ta18_peak_23568_head,19297696.5,1,0,0.6722034,0.45088398,0.85448873,True,0.29294503
X,1719923.0,1720923.0,Ta18_peak_20093_head,1720423.0,1,0,0.04932461,0.21687162,0.42515036,True,0.29205227
X,6143086.0,6144086.0,Ta18_peak_20966_head,6143585.5,1,0,0.6119435,0.21230975,0.6995693,True,0.28744268
X,20409818.0,20410818.0,Ta18_peak_23772_merged,20410318.0,1,1,0.28907946,0.238797,0.55018276,True,0.28624454
X,147703.0,148703.0,Ta18_peak_19778_head,148202.5,1,0,0.35207996,0.11788002,0.51570386,True,0.28072387
X,8648641.0,8649641.0,Ta18_peak_21515_head,8649141.0,1,0,0.5746872,0.760101,0.94590765,True,0.27851355
X,17954452.0,17955452.0,Ta18_peak_23279_head,17954952.0,1,0,0.46582738,0.5073406,0.7650695,True,0.27848548
X,3665729.0,3666729.0,Ta18_peak_20505_head,3666228.5,1,0,0.5041641,0.36124626,0.70927846,True,0.2765733
X,12926888.0,12927888.0,Ta18_peak_22326_merged,12927388.0,1,1,0.6914262,0.41600147,0.82484317,True,0.2711293
X,21602240.0,21603240.0,Ta18_peak_23887_head,21602740.0,1,0,0.3332561,0.18133248,0.52762145,True,0.27032715
X,19043824.0,19044824.0,Ta18_peak_23496_merged,19044323.5,1,1,0.6259173,0.5982595,0.880534,True,0.26844555
X,6988128.0,6989128.0,Ta18_peak_21171_head,6988628.0,1,0,0.25041324,0.35258067,0.5635139,True,0.26201692
X,3138668.0,3139668.0,Ta18_peak_20391_head,3139167.5,1,0,0.12747857,0.6459668,0.63907206,False,0.25234938
X,7718027.0,7719027.0,Ta18_peak_21326_head,7718527.0,1,0,0.6749757,0.73993284,0.95680237,True,0.2493481
X,2314079.0,2315079.0,Ta18_peak_20204_head,2314579.0,1,0,0.78209317,0.641376,0.958796,True,0.24706143
X,14007990.0,14008990.0,Ta18_peak_22524_head,14008489.5,1,0,0.57182926,0.85192406,0.9555432,True,0.24366659
X,7429594.0,7430594.0,Ta18_peak_21258_head,7430094.0,1,0,0.12648055,0.39640105,0.5051074,True,0.24366659
X,6644181.0,6645181.0,Ta18_peak_21086_head,6644681.0,1,0,0.36567074,0.47143868,0.6519729,True,0.23341817
X,793841.0,794841.0,Ta18_peak_19892_head,794340.5,1,0,0.6931563,0.5153891,0.83496654,True,0.23069382
X,19119311.0,19120311.0,Ta18_peak_23512_head,19119810.5,1,0,0.38423824,0.710531,0.7753136,True,0.227929
X,16818431.0,16819431.0,Ta18_peak_23058_head,16818930.5,1,0,0.36616895,0.48756224,0.6546286,True,0.227763
X,10930614.0,10931614.0,Ta18_peak_21940_head,10931114.0,1,0,0.1574926,0.43157154,0.5172797,True,0.22274762
X,6881718.0,6882718.0,Ta18_peak_21138_merged,6882218.0,1,1,0.06918307,0.23233722,0.37123615,True,0.220476
X,16498643.0,16499643.0,Ta18_peak_22985_head,16499142.5,1,0,0.85286987,0.58780634,0.9342887,True,0.21395057
X,3508700.0,3509700.0,Ta18_peak_20483_head,3509200.0,1,0,0.14625578,0.1834187,0.3780073,True,0.21317005
X,3423733.0,3424733.0,Ta18_peak_20460_head,3424232.5,1,0,0.31388763,0.5569238,0.64617395,True,0.21076822
X,16045938.0,16046938.0,Ta18_peak_22883_head,16046438.0,1,0,0.07087934,0.057468437,0.2724808,True,0.2083069
X,124552.0,125552.0,Ta18_peak_19773_head,125051.5,1,0,0.220576,0.0105793895,0.3179125,True,0.20233479
X,7629267.0,7630267.0,Ta18_peak_21315_head,7629766.5,1,0,0.60667914,0.8150422,0.91260445,True,0.20174378
X,5210436.0,5211436.0,Ta18_peak_20784_head,5210935.5,1,0,0.66799325,0.89249694,0.9808287,True,0.20058364
X,5354092.0,5355092.0,Ta18_peak_20812_head,5354591.5,1,0,0.009199221,0.006019058,0.20684814,True,0.199239
X,2521335.0,2522335.0,Ta18_peak_20256_head,2521834.5,1,0,0.03014638,0.03460306,0.22934715,True,0.19697243
X,16046770.0,16047770.0,Ta18_peak_22884_head,16047270.0,1,0,0.58165723,0.7036995,0.8393279,True,0.19664949
X,16830012.0,16831012.0,Ta18_peak_23059_head,16830512.0,1,0,0.052350614,0.05978719,0.25124848,True,0.19517958
X,18779818.0,18780818.0,Ta18_peak_23433_head,18780318.0,1,0,0.1287724,0.064019956,0.28948587,True,0.1930897
X,6699127.0,6700127.0,Ta18_peak_21090_head,6699627.0,1,0,0.067787565,0.09368986,0.27294886,True,0.19221015
X,18077557.0,18078557.0,Ta18_peak_23308_head,18078057.0,1,0,0.4442539,0.22609648,0.5272806,True,0.19210544
X,20248409.0,20249409.0,Ta18_peak_23730_head,20248909.0,1,0,0.3833932,0.5015315,0.6302624,True,0.18780005
X,13331981.0,13332981.0,Ta18_peak_22419_head,13332480.5,1,0,0.568913,0.7630275,0.84537137,True,0.17940116
X,1579977.0,1580977.0,Ta18_peak_20066_merged,1580476.5,1,1,0.76397586,0.58951825,0.85614675,True,0.17939967
X,8490572.0,8491572.0,Ta18_peak_21491_head,8491071.5,1,0,0.79230255,0.63634104,0.88839024,True,0.17406845
X,12834776.0,12835776.0,Ta18_peak_22308_head,12835275.5,1,0,0.011449098,0.017505325,0.18802774,True,0.17355053
X,3427994.0,3428994.0,Ta18_peak_20462_head,3428493.5,1,0,0.6786465,0.9595821,0.99003875,True,0.17092443
X,8083817.0,8084817.0,Ta18_peak_21403_head,8084317.0,1,0,0.04263332,0.11637887,0.24545315,True,0.16594705
X,637256.0,638256.0,Ta18_peak_19861_head,637755.5,1,0,0.2607468,0.27746147,0.4349347,True,0.16583058
X,7723029.0,7724029.0,Ta18_peak_21327_head,7723529.0,1,0,0.82485235,0.83318263,0.9931485,True,0.16413099
X,8706896.0,8707896.0,Ta18_peak_21520_head,8707395.5,1,0,0.6940226,0.78778833,0.9042669,True,0.16336143
X,1974770.0,1975770.0,Ta18_peak_20130_merged,1975270.0,1,1,0.048273582,0.044793643,0.20881929,True,0.16228567
X,14727627.0,14728627.0,Ta18_peak_22680_merged,14728127.0,1,1,0.33317158,0.10705872,0.38205817,True,0.16194302
X,13786765.0,13787765.0,Ta18_peak_22499_head,13787265.0,1,0,0.74828804,0.9072033,0.9802696,True,0.15252393
X,5994071.0,5995071.0,Ta18_peak_20934_head,5994570.5,1,0,0.9096739,0.2842091,0.7477944,False,0.15085286
X,5254071.0,5255071.0,Ta18_peak_20791_head,5254571.0,1,0,0.30838633,0.3846248,0.4955667,True,0.14906111
X,5382433.0,5383433.0,Ta18_peak_20816_head,5382933.0,1,0,0.3721158,0.6174733,0.64356685,True,0.1487723
X,21487.0,22487.0,Ta18_peak_19753_head,21987.0,1,0,0.009018127,0.007362982,0.15419729,True,0.14600673
X,16923901.0,16924901.0,Ta18_peak_23081_head,16924400.5,1,0,0.22414392,0.36231133,0.43776387,True,0.14453626
X,9606742.0,9607742.0,Ta18_peak_21699_head,9607242.0,1,0,0.038273975,0.05359353,0.18413794,True,0.13820419
X,21403013.0,21404013.0,Ta18_peak_23857_head,21403513.0,1,0,0.71708506,0.9492751,0.970666,True,0.13748592
X,1923568.0,1924568.0,Ta18_peak_20118_head,1924068.0,1,0,0.119048625,0.021792868,0.2063858,True,0.13596505
X,15252550.0,15253550.0,Ta18_peak_22765_head,15253050.0,1,0,0.06708559,0.20762968,0.2718168,True,0.13445915
X,19447284.0,19448284.0,Ta18_peak_23597_head,19447784.0,1,0,0.8819872,0.81789964,0.9834854,True,0.133542
X,1017024.0,1018024.0,Ta18_peak_19941_head,1017523.5,1,0,0.71232015,0.12590829,0.5513597,False,0.13224548
X,3413766.0,3414766.0,Ta18_peak_20456_head,3414265.5,1,0,0.6310438,0.9058389,0.9004457,False,0.13200438
X,9658750.0,9659750.0,Ta18_peak_21716_head,9659249.5,1,0,0.9992912,0.72006744,0.9906583,False,0.13097894
X,2133155.0,2134155.0,Ta18_peak_20162_head,2133654.5,1,0,0.6685814,0.24093777,0.5845258,False,0.12976623
X,12377630.0,12378630.0,Ta18_peak_22213_merged,12378129.5,1,1,0.26314294,0.34666836,0.4301368,True,0.12523115
X,7250688.0,7251688.0,Ta18_peak_21224_head,7251187.5,1,0,0.17787297,0.2488962,0.33786052,True,0.12447594
X,4810687.0,4811687.0,Ta18_peak_20700_head,4811187.0,1,0,0.21853168,0.23481573,0.3488383,True,0.12216459
X,4386315.0,4387315.0,Ta18_peak_20621_merged,4386814.5,1,1,0.33689463,0.53583246,0.55691606,True,0.12055251
X,11314848.0,11315848.0,Ta18_peak_22005_head,11315348.0,1,0,0.9046681,0.7842118,0.9642949,True,0.11985493
X,21523243.0,21524243.0,Ta18_peak_23879_head,21523743.0,1,0,0.77976507,0.8614345,0.9389987,True,0.118398905
X,508158.0,509158.0,Ta18_peak_19837_head,508658.0,1,0,0.3542216,0.32654035,0.45546377,True,0.1150828
X,7239368.0,7240368.0,Ta18_peak_21222_head,7239868.0,1,0,0.8619799,0.8392401,0.96313035,True,0.11252034
X,13397862.0,13398862.0,Ta18_peak_22434_head,13398362.0,1,0,0.009190394,0.16081451,0.19348976,True,0.10848731
X,2792500.0,2793500.0,Ta18_peak_20323_head,2793000.0,1,0,0.115565434,0.02301835,0.17765985,True,0.108367965
X,8892961.0,8893961.0,Ta18_peak_21553_head,8893460.5,1,0,0.08870098,0.24475147,0.27463147,True,0.10790524
X,9717552.0,9718552.0,Ta18_peak_21732_head,9718052.0,1,0,0.4189307,0.15393801,0.39032578,False,0.10389143
X,12112518.0,12113518.0,Ta18_peak_22159_head,12113018.0,1,0,0.00702582,0.020318354,0.117511444,True,0.10383935
X,6456895.0,6457895.0,Ta18_peak_21053_head,6457394.5,1,0,0.90139395,0.7732875,0.9405644,True,0.10322368
X,16160020.0,16161020.0,Ta18_peak_22908_head,16160520.0,1,0,0.04024865,0.012915779,0.12759033,True,0.10100812
X,5557472.0,5558472.0,Ta18_peak_20834_head,5557972.0,1,0,0.015817998,0.1969145,0.20578235,True,0.09941611
X,21603248.0,21604248.0,Ta18_peak_23888_head,21603747.5,1,0,0.17047168,0.1532323,0.2609052,True,0.099053204
X,9083485.0,9084485.0,Ta18_peak_21594_head,9083984.5,1,0,0.044845298,0.11767302,0.17678724,True,0.09552808
X,13824446.0,13825446.0,Ta18_peak_22508_head,13824945.5,1,0,0.29368296,0.512548,0.49811882,False,0.09500331
X,8885145.0,8886145.0,Ta18_peak_21551_head,8885645.0,1,0,0.5131748,0.51504177,0.6072879,True,0.09317958
X,1365381.0,1366381.0,Ta18_peak_20029_head,1365881.0,1,0,0.9038693,0.7316511,0.9104523,True,0.09269208
X,7009440.0,7010440.0,Ta18_peak_21175_head,7009940.0,1,0,0.05066613,0.06637564,0.15098709,True,0.092466205
X,375364.0,376364.0,Ta18_peak_19806_head,375864.0,1,0,0.20983218,0.028016867,0.20212741,False,0.08320289
X,5501304.0,5502304.0,Ta18_peak_20827_head,5501804.0,1,0,0.556986,0.7940047,0.7566562,False,0.0811609
X,4077557.0,4078557.0,Ta18_peak_20572_head,4078056.5,1,0,0.8309375,0.8451293,0.9186861,True,0.080652654
X,19523302.0,19524302.0,Ta18_peak_23604_head,19523802.0,1,0,0.982531,0.7241328,0.93392885,False,0.080596924
X,20118309.0,20119309.0,Ta18_peak_23701_head,20118808.5,1,0,0.1298552,0.39353433,0.340918,False,0.079223245
X,16249802.0,16250802.0,Ta18_peak_22935_head,16250302.0,1,0,0.9097577,0.852199,0.95514524,True,0.074166894
X,9260804.0,9261804.0,Ta18_peak_21625_head,9261304.0,1,0,0.020630034,0.040588565,0.10392507,True,0.07331577
X,3651655.0,3652655.0,Ta18_peak_20501_head,3652154.5,1,0,0.7229245,0.8986212,0.8783451,False,0.067572236
X,8480980.0,8481980.0,Ta18_peak_21490_head,8481479.5,1,0,0.043021612,0.072547995,0.12340494,True,0.06562014
X,13430221.0,13431221.0,Ta18_peak_22443_head,13430720.5,1,0,0.0050581763,0.0007959446,0.066508874,True,0.06358182
X,15568195.0,15569195.0,Ta18_peak_22825_head,15568695.0,1,0,0.9494966,0.9246814,0.9984956,True,0.061406553
X,6924770.0,6925770.0,Ta18_peak_21153_head,6925269.5,1,0,0.9144442,0.94219416,0.9859024,True,0.057583213
X,17869612.0,17870612.0,Ta18_peak_23248_head,17870111.5,1,0,0.8424409,0.9234933,0.93940294,True,0.056435823
X,7216365.0,7217365.0,Ta18_peak_21221_head,7216865.0,1,0,0.9441271,0.8974131,0.9751642,True,0.054394126
X,12493869.0,12494869.0,Ta18_peak_22240_head,12494369.0,1,0,0.05872388,0.36339372,0.26474276,False,0.053683966
X,6243484.0,6244484.0,Ta18_peak_20995_head,6243983.5,1,0,0.2015107,0.07646009,0.19241929,False,0.053433895
X,3329544.0,3330544.0,Ta18_peak_20438_head,3330043.5,1,0,0.5096164,0.58689296,0.6000835,True,0.0518288
X,14787946.0,14788946.0,Ta18_peak_22686_head,14788446.0,1,0,0.16327563,0.030840844,0.14790289,False,0.050844654
X,7844347.0,7845347.0,Ta18_peak_21342_head,7844846.5,1,0,0.91237247,0.9864762,0.999974,True,0.050549686
X,11314306.0,11315306.0,Ta18_peak_22004_head,11314806.0,1,0,0.18231575,0.055173475,0.16897644,False,0.05023183
X,10145080.0,10146080.0,Ta18_peak_21806_head,10145580.0,1,0,0.107226275,0.020844111,0.11176252,True,0.04772733
X,18529208.0,18530208.0,Ta18_peak_23371_head,18529707.5,1,0,0.3538915,0.37903333,0.40986562,True,0.04340321
X,8092225.0,8093225.0,Ta18_peak_21406_head,8092725.0,1,0,0.1901844,0.10013666,0.18475875,False,0.039598227
X,9463330.0,9464330.0,Ta18_peak_21661_head,9463830.0,1,0,0.8721267,0.93852586,0.94371307,True,0.03838682
X,14568182.0,14569182.0,Ta18_peak_22632_head,14568681.5,1,0,0.0006257002,0.003776174,0.038834326,True,0.036633387
X,3667364.0,3668364.0,Ta18_peak_20506_head,3667863.5,1,0,0.8884096,0.9629703,0.96038985,False,0.034699917
X,8912505.0,8913505.0,Ta18_peak_21554_head,8913005.0,1,0,0.35395914,0.038977876,0.23046133,False,0.033992827
X,911274.0,912274.0,Ta18_peak_19925_head,911774.0,1,0,0.013214083,0.027402509,0.05070011,True,0.030391812
X,16407299.0,16408299.0,Ta18_peak_22966_merged,16407798.5,1,1,0.99456125,0.94575316,0.9923132,False,0.022156
X,6945534.0,6946534.0,Ta18_peak_21164_head,6946034.0,1,0,0.05954761,0.02708388,0.06539746,True,0.02208171
X,727316.0,728316.0,Ta18_peak_19877_head,727816.0,1,0,0.012055341,0.0015894135,0.02857945,True,0.021757072
X,13194066.0,13195066.0,Ta18_peak_22378_head,13194566.0,1,0,0.19970767,0.56842715,0.40359774,False,0.019530326
X,13808223.0,13809223.0,Ta18_peak_22504_head,13808722.5,1,0,0.9557794,0.9823746,0.9884958,True,0.019418836
X,3659530.0,3660530.0,Ta18_peak_20504_head,3660029.5,1,0,0.98069525,0.9085851,0.96383315,False,0.019192994
X,8503938.0,8504938.0,Ta18_peak_21493_head,8504437.5,1,0,0.8498294,0.8828549,0.8853806,True,0.019038498
X,17898499.0,17899499.0,Ta18_peak_23259_head,17898998.5,1,0,0.90221566,0.95849496,0.9456733,False,0.0153179765
X,9358417.0,9359417.0,Ta18_peak_21637_head,9358916.5,1,0,0.9868634,0.94726217,0.98229045,False,0.015227675
X,1298473.0,1299473.0,Ta18_peak_20018_head,1298972.5,1,0,0.35885882,0.44315904,0.41540554,False,0.014396608
X,13070586.0,13071586.0,Ta18_peak_22354_head,13071085.5,1,0,0.93929094,0.97527903,0.97088695,False,0.013601959
X,3198914.0,3199914.0,Ta18_peak_20407_head,3199413.5,1,0,0.99075377,0.97556657,0.99432534,True,0.011165202
X,10505439.0,10506439.0,Ta18_peak_21848_head,10505938.5,1,0,0.99404067,0.98106015,0.9985739,True,0.011023521
X,1018149.0,1019149.0,Ta18_peak_19942_merged,1018648.5,1,1,0.97555816,0.9881181,0.9928423,True,0.0110042095
X,9007159.0,9008159.0,Ta18_peak_21571_head,9007658.5,1,0,0.00037632798,0.0011757979,0.011634052,True,0.010857989
X,5189573.0,5190573.0,Ta18_peak_20778_head,5190073.0,1,0,0.46726507,0.65250546,0.5707365,False,0.010851264
X,4174068.0,4175068.0,Ta18_peak_20583_head,4174567.5,1,0,0.021880062,0.043395363,0.042942576,False,0.0103048645
X,12156086.0,12157086.0,Ta18_peak_22167_head,12156586.0,1,0,0.03865955,0.12867205,0.09388097,False,0.010215163
X,17828558.0,17829558.0,Ta18_peak_23236_head,17829057.5,1,0,0.027491031,0.007018033,0.02657334,False,0.009318808
X,19245518.0,19246518.0,Ta18_peak_23552_head,19246017.5,1,0,0.050583925,0.045156416,0.056914147,True,0.009043977
X,3174253.0,3175253.0,Ta18_peak_20402_head,3174752.5,1,0,0.52932507,0.34248817,0.44390613,False,0.00799951
X,4755653.0,4756653.0,Ta18_peak_20680_head,4756153.0,1,0,0.1909182,0.074141964,0.13937727,False,0.006847173
X,16012733.0,16013733.0,Ta18_peak_22877_merged,16013233.0,1,1,0.026551683,0.02893902,0.031659365,True,0.0039140135
X,12719509.0,12720509.0,Ta18_peak_22290_head,12720008.5,1,0,0.9928845,0.9940398,0.9970771,True,0.003614962
X,9961107.0,9962107.0,Ta18_peak_21772_merged,9961606.5,1,1,0.013393353,0.0055778907,0.01202967,False,0.0025440482
X,8383150.0,8384150.0,Ta18_peak_21473_head,8383650.0,1,0,0.014207519,0.023474941,0.021113945,False,0.0022727158
X,12428636.0,12429636.0,Ta18_peak_22231_head,12429135.5,1,0,0.003607447,0.027140774,0.016913066,False,0.0015389556
X,439804.0,440804.0,Ta18_peak_19824_head,440304.0,1,0,0.9987488,0.9997973,0.9999949,True,0.00072181225
X,19175162.0,19176162.0,Ta18_peak_23527_head,19175661.5,1,0,0.11963266,0.062572636,0.09122168,False,0.000119037926
X,7596724.0,7597724.0,Ta18_peak_21309_merged,7597223.5,1,1,9.273762e-06,6.248646e-05,2.7714836e-05,False,-8.165276e-06
X,16143431.0,16144431.0,Ta18_peak_22903_head,16143931.0,1,0,0.007018439,0.002686056,0.0038107887,False,-0.0010414587
X,10673703.0,10674703.0,Ta18_peak_21884_merged,10674203.0,1,1,0.8149158,0.49402136,0.6523376,False,-0.0021309257
X,4185087.0,4186087.0,Ta18_peak_20587_head,4185587.0,1,0,0.004011516,0.021408921,0.006304738,False,-0.00640548
X,8968868.0,8969868.0,Ta18_peak_21567_merged,8969367.5,1,1,0.0651673,0.027935235,0.039946895,False,-0.0066043735
X,13440057.0,13441057.0,Ta18_peak_22446_head,13440557.0,1,0,0.92613333,0.7953641,0.8535251,False,-0.007223606
X,1036271.0,1037271.0,Ta18_peak_19951_head,1036770.5,1,0,0.60145617,0.4614952,0.52189374,False,-0.0095819235
X,4067719.0,4068719.0,Ta18_peak_20571_head,4068219.0,1,0,0.055654343,0.11888343,0.07688563,False,-0.010383256
X,8514572.0,8515572.0,Ta18_peak_21499_head,8515072.0,1,0,0.88722306,0.93212515,0.8989929,False,-0.010681212
X,21368324.0,21369324.0,Ta18_peak_23851_head,21368824.0,1,0,0.2401974,0.08457139,0.15141168,False,-0.010972708
X,4420594.0,4421594.0,Ta18_peak_20627_head,4421093.5,1,0,0.9999286,0.9982932,0.9879084,False,-0.011202514
X,1686660.0,1687660.0,Ta18_peak_20088_head,1687159.5,1,0,0.9493246,0.9459801,0.935141,False,-0.012511313
X,20317288.0,20318288.0,Ta18_peak_23752_head,20317787.5,1,0,0.38963893,0.20360996,0.28302422,False,-0.01360023
X,18551915.0,18552915.0,Ta18_peak_23375_head,18552415.0,1,0,0.11531151,0.0685636,0.07791086,False,-0.014026694
X,12925995.0,12926995.0,Ta18_peak_22325_head,12926495.0,1,0,0.60105866,0.7680245,0.66776556,False,-0.016776025
X,16084193.0,16085193.0,Ta18_peak_22888_head,16084692.5,1,0,0.96624315,0.85832787,0.8948404,False,-0.017445087
X,20221067.0,20222067.0,Ta18_peak_23723_head,20221566.5,1,0,0.49509743,0.25666276,0.3572108,False,-0.018669307
X,7749378.0,7750378.0,Ta18_peak_21330_head,7749878.0,1,0,0.005672027,0.22811064,0.09686536,False,-0.020025969
X,13739869.0,13740869.0,Ta18_peak_22495_head,13740368.5,1,0,0.018834593,0.032256886,0.004674711,False,-0.020871028
X,21490516.0,21491516.0,Ta18_peak_23871_head,21491016.0,1,0,0.31902567,0.37402216,0.32507086,False,-0.021453053
X,10517694.0,10518694.0,Ta18_peak_21850_head,10518193.5,1,0,0.044177007,0.011961166,0.0049657854,False,-0.0231033
X,4786697.0,4787697.0,Ta18_peak_20694_head,4787197.0,1,0,0.993341,0.98797065,0.9671984,False,-0.023457468
X,15023059.0,15024059.0,Ta18_peak_22726_head,15023558.5,1,0,0.95710444,0.9522696,0.9279618,False,-0.026725173
X,4184408.0,4185408.0,Ta18_peak_20586_head,4184907.5,1,0,0.010437351,0.13234872,0.040853824,False,-0.03053921
X,2067396.0,2068396.0,Ta18_peak_20151_head,2067896.0,1,0,0.09922934,0.049721718,0.043319512,False,-0.031156015
X,19160375.0,19161375.0,Ta18_peak_23526_head,19160874.5,1,0,0.024312256,0.15215431,0.05586979,False,-0.032363493
X,8977106.0,8978106.0,Ta18_peak_21568_head,8977605.5,1,0,0.19162126,0.18540584,0.15584537,False,-0.032668173
X,6067095.0,6068095.0,Ta18_peak_20941_head,6067594.5,1,0,0.015030072,0.19871712,0.07236726,False,-0.034506336
X,628222.0,629222.0,Ta18_peak_19858_head,628722.0,1,0,0.119666226,0.026676986,0.03750534,False,-0.03566627
X,3702368.0,3703368.0,Ta18_peak_20511_head,3702868.0,1,0,0.96647817,0.98404676,0.93902236,False,-0.0362401
X,4618244.0,4619244.0,Ta18_peak_20651_head,4618744.0,1,0,0.38045728,0.76328206,0.5352816,False,-0.036588073
X,2859931.0,2860931.0,Ta18_peak_20339_head,2860431.0,1,0,0.3034945,0.40372083,0.31448475,False,-0.03912291
X,13042676.0,13043676.0,Ta18_peak_22350_head,13043176.0,1,0,0.88441557,0.8680414,0.83442,False,-0.041808426
X,17741136.0,17742136.0,Ta18_peak_23221_head,17741635.5,1,0,0.5828538,0.5130894,0.50501436,False,-0.042957246
X,1373713.0,1374713.0,Ta18_peak_20031_head,1374213.0,1,0,0.78082055,0.814142,0.7531084,False,-0.044372916
X,2199710.0,2200710.0,Ta18_peak_20176_head,2200210.0,1,0,0.612755,0.5198405,0.5196897,False,-0.04660809
X,20284784.0,20285784.0,Ta18_peak_23742_head,20285283.5,1,0,0.085652895,0.10787861,0.04919895,False,-0.047566805
X,6555595.0,6556595.0,Ta18_peak_21072_head,6556094.5,1,0,0.19886221,0.7123051,0.4069617,False,-0.048621953
X,5798005.0,5799005.0,Ta18_peak_20884_head,5798505.0,1,0,0.38074133,0.2967305,0.2807332,False,-0.05800271
X,9675249.0,9676249.0,Ta18_peak_21720_merged,9675748.5,1,1,0.22053023,0.09554642,0.096746266,False,-0.061292052
X,9803691.0,9804691.0,Ta18_peak_21743_head,9804190.5,1,0,0.073487416,0.08008801,0.015274326,False,-0.061513383
X,14367732.0,14368732.0,Ta18_peak_22584_merged,14368232.0,1,1,0.6284447,0.5513064,0.52767676,False,-0.062198818
X,14410845.0,14411845.0,Ta18_peak_22597_head,14411344.5,1,0,0.24181086,0.084420964,0.096241415,False,-0.066874504
X,17378874.0,17379874.0,Ta18_peak_23162_head,17379374.0,1,0,0.9288393,0.86935127,0.8168747,False,-0.082220614
X,6956314.0,6957314.0,Ta18_peak_21166_head,6956814.0,1,0,0.57862914,0.92284346,0.66683096,False,-0.08390534
X,12104612.0,12105612.0,Ta18_peak_22155_head,12105111.5,1,0,0.5747243,0.05283047,0.22647949,False,-0.0872979
X,14586274.0,14587274.0,Ta18_peak_22636_head,14586773.5,1,0,0.79443145,0.35807607,0.485416,False,-0.09083778
X,10977401.0,10978401.0,Ta18_peak_21945_head,10977900.5,1,0,0.6476938,0.14027442,0.29096335,False,-0.10302076
X,1362772.0,1363772.0,Ta18_peak_20028_head,1363271.5,1,0,0.66654205,0.7504954,0.6039448,False,-0.104573965
X,12417900.0,12418900.0,Ta18_peak_22227_head,12418399.5,1,0,0.3331142,0.69228774,0.40548605,False,-0.10721493
X,11628396.0,11629396.0,Ta18_peak_22057_merged,11628896.0,1,1,0.9410885,0.78550625,0.75009996,False,-0.113197386
X,14734011.0,14735011.0,Ta18_peak_22681_merged,14734511.0,1,1,0.2934402,0.504074,0.2835653,False,-0.11519179
X,932595.0,933595.0,Ta18_peak_19928_head,933095.0,1,0,0.5215636,0.5490859,0.41464457,False,-0.12068018
X,14542002.0,14543002.0,Ta18_peak_22630_head,14542501.5,1,0,0.8298164,0.430658,0.5041544,False,-0.12608284
X,6952921.0,6953921.0,Ta18_peak_21165_head,6953420.5,1,0,0.35196817,0.10871876,0.102588214,False,-0.12775525
X,9474845.0,9475845.0,Ta18_peak_21664_head,9475344.5,1,0,0.22612478,0.28640294,0.11185906,False,-0.1444048
X,16242392.0,16243392.0,Ta18_peak_22931_head,16242891.5,1,0,0.5412959,0.45080712,0.34480274,False,-0.15124875
X,5932018.0,5933018.0,Ta18_peak_20924_head,5932518.0,1,0,0.6334551,0.20020601,0.26293954,False,-0.153891
X,3419128.0,3420128.0,Ta18_peak_20458_head,3419627.5,1,0,0.6193985,0.7767975,0.5407242,False,-0.15737373
X,4382543.0,4383543.0,Ta18_peak_20619_head,4383043.0,1,0,0.7095284,0.79084206,0.58785474,False,-0.16233051
X,3182566.0,3183566.0,Ta18_peak_20404_head,3183066.0,1,0,0.8977175,0.5506909,0.55705243,False,-0.16715175
X,16436381.0,16437381.0,Ta18_peak_22973_merged,16436881.0,1,1,0.2660168,0.25643313,0.07970666,False,-0.18151832
X,771809.0,772809.0,Ta18_peak_19887_head,772309.0,1,0,0.94984627,0.791502,0.6889647,False,-0.18170941
X,13290731.0,13291731.0,Ta18_peak_22405_head,13291230.5,1,0,0.4991984,0.50842506,0.3218551,False,-0.18195662
X,21606476.0,21607476.0,Ta18_peak_23889_head,21606976.0,1,0,0.25915828,0.6283524,0.25354823,False,-0.1902071
X,6088020.0,6089020.0,Ta18_peak_20946_head,6088520.0,1,0,0.44850686,0.625257,0.3454056,False,-0.19147632
X,13090851.0,13091851.0,Ta18_peak_22359_head,13091350.5,1,0,0.63622975,0.2486432,0.24658906,False,-0.19584742
X,18120581.0,18121581.0,Ta18_peak_23317_merged,18121080.5,1,1,0.90630865,0.99228036,0.751745,False,-0.19754952
X,14530018.0,14531018.0,Ta18_peak_22627_head,14530518.0,1,0,0.18517682,0.5974938,0.18659899,False,-0.20473632
X,8310365.0,8311365.0,Ta18_peak_21456_head,8310864.5,1,0,0.9576851,0.59060085,0.5655985,False,-0.2085445
X,11058117.0,11059117.0,Ta18_peak_21958_head,11058616.5,1,0,0.06593542,0.8871674,0.24381106,False,-0.23274036
X,12529554.0,12530554.0,Ta18_peak_22263_head,12530054.0,1,0,0.06368647,0.67469424,0.11264514,False,-0.25654522
X,1206877.0,1207877.0,Ta18_peak_19994_head,1207377.0,1,0,0.7251626,0.6425832,0.4186413,False,-0.26523164
X,19324859.0,19325859.0,Ta18_peak_23580_merged,19325359.0,1,1,0.6268717,0.55079526,0.31829607,False,-0.27053738
X,8441324.0,8442324.0,Ta18_peak_21483_head,8441823.5,1,0,0.65463793,0.7173161,0.3808944,False,-0.3050826
X,10349452.0,10350452.0,Ta18_peak_21826_head,10349951.5,1,0,0.14604734,0.6550898,0.071559794,False,-0.3290088
X,10621138.0,10622138.0,Ta18_peak_21874_head,10621638.0,1,0,0.54781497,0.93631303,0.38188088,False,-0.36018312
X,3929252.0,3930252.0,Ta18_peak_20551_head,3929752.0,1,0,0.8204377,0.3547913,0.22617821,False,-0.3614363
X,15502532.0,15503532.0,Ta18_peak_22809_head,15503032.0,1,0,0.42990658,0.73492706,0.18121527,False,-0.40120155
X,3290887.0,3291887.0,Ta18_peak_20433_head,3291387.0,1,0,0.9476459,0.7539142,0.43857163,False,-0.41220838
X,17389510.0,17390510.0,Ta18_peak_23163_head,17390009.5,1,0,0.4523155,0.59853286,0.109960206,False,-0.41546398
X,13164304.0,13165304.0,Ta18_peak_22366_head,13164804.0,1,0,0.71106386,0.953368,0.37303895,False,-0.45917696
X,7939655.0,7940655.0,Ta18_peak_21364_head,7940154.5,1,0,0.6644203,0.6558201,0.11664663,False,-0.54347354
X,16674588.0,16675588.0,Ta18_peak_23028_head,16675087.5,1,0,0.71328825,0.5505301,0.06610417,False,-0.56580496
X,2929631.0,2930631.0,Ta18_peak_20362_head,2930130.5,1,0,0.40903446,0.86247236,0.054477826,False,-0.5812756
X,5348608.0,5349608.0,Ta18_peak_20809_head,5349107.5,1,0,0.95988655,0.8595526,0.3040179,False,-0.6057017
X,10552464.0,10553464.0,Ta18_peak_21858_head,10552964.0,1,0,0.9070652,0.42632145,0.019896397,False,-0.64679694
